title,difficulty_beginner,difficulty_intermediate,difficulty_advanced,category_academic,category_social,category_sports,category_arts,category_technology,category_community_service,participation_in-person,participation_virtual,participation_hybrid,commitment_level_casual,commitment_level_regular,commitment_level_competitive,membership_type_open_to_all,membership_type_invite-only,membership_type_application_required,focus_area_leadership,focus_area_networking,focus_area_skill-building,focus_area_recreational,schedule_weekly,schedule_bi-weekly,schedule_monthly,schedule_project-based,benefits_certification,benefits_mentorship,benefits_career_opportunities,benefits_scholarship_eligibility,numRatings,rated
180 Degrees Consulting,5,2,0,3,0,0,0,1,0,4,0,0,0,4,0,6,0,0,0,0,2,0,3,0,0,0,0,0,2,0,32,5
200PERCENT,5,2,0,3,0,0,0,1,0,4,0,0,0,4,0,6,0,0,0,0,2,0,3,0,0,0,0,0,2,0,32,5
Aaja Nachele,5,2,0,3,0,0,0,1,0,4,0,0,0,4,0,6,0,0,0,0,2,0,3,0,0,0,0,0,2,0,32,5
AAPG & SEG Student Chapter,5,2,0,3,0,0,0,1,0,4,0,0,0,4,0,6,0,0,0,0,2,0,3,0,0,0,0,0,2,0,32,5
Accessible Prosthetics Initiative UT Dallas Chapter,5,2,0,3,0,0,0,1,0,4,0,0,0,4,0,6,0,0,0,0,2,0,3,0,0,0,0,0,2,0,32,5
Actuarial Student Association,5,2,0,3,0,0,0,1,0,4,0,0,0,4,0,6,0,0,0,0,2,0,3,0,0,0,0,0,2,0,32,5
Advocates for Sexual Health,5,2,0,3,0,0,0,1,0,4,0,0,0,4,0,6,0,0,0,0,2,0,3,0,0,0,0,0,2,0,32,5
African Student Union,5,2,0,3,0,0,0,1,0,4,0,0,0,4,0,6,0,0,0,0,2,0,3,0,0,0,0,0,2,0,32,5
Agaram Tamil Student Association,5,2,0,3,0,0,0,1,0,4,0,0,0,4,0,6,0,0,0,0,2,0,3,0,0,0,0,0,2,0,32,5
Ahlul Bayt Student Organization,5,2,0,3,0,0,0,1,0,4,0,0,0,4,0,6,0,0,0,0,2,0,3,0,0,0,0,0,2,0,32,5
Ahmadiyya Muslim Students Association,5,2,0,3,0,0,0,1,0,4,0,0,0,4,0,6,0,0,0,0,2,0,3,0,0,0,0,0,2,0,32,5
Akshaya Patra UTD,5,2,0,3,0,0,0,1,0,4,0,0,0,4,0,6,0,0,0,0,2,0,3,0,0,0,0,0,2,0,32,5
Algorithmic Computing Club,5,2,0,3,0,0,0,1,0,4,0,0,0,4,0,6,0,0,0,0,2,0,3,0,0,0,0,0,2,0,32,5
Allies4Children,5,2,0,3,0,0,0,1,0,4,0,0,0,4,0,6,0,0,0,0,2,0,3,0,0,0,0,0,2,0,32,5
Alopecia Awareness Organization,5,2,0,3,0,0,0,1,0,4,0,0,0,4,0,6,0,0,0,0,2,0,3,0,0,0,0,0,2,0,32,5
Alpha Epsilon Delta,5,2,0,3,0,0,0,1,0,4,0,0,0,4,0,6,0,0,0,0,2,0,3,0,0,0,0,0,2,0,32,5
Alpha Eta Mu Beta,5,2,0,3,0,0,0,1,0,4,0,0,0,4,0,6,0,0,0,0,2,0,3,0,0,0,0,0,2,0,32,5
Alpha Kappa Psi,5,2,0,3,0,0,0,1,0,4,0,0,0,4,0,6,0,0,0,0,2,0,3,0,0,0,0,0,2,0,32,5
Alpha Omega Campus Ministry,5,2,0,3,0,0,0,1,0,4,0,0,0,4,0,6,0,0,0,0,2,0,3,0,0,0,0,0,2,0,32,5
Alpha Phi Omega - Alpha Epsilon Zeta,5,2,0,3,0,0,0,1,0,4,0,0,0,4,0,6,0,0,0,0,2,0,3,0,0,0,0,0,2,0,32,5
Alzheimer's Foundation of America at UTD ,5,2,0,3,0,0,0,1,0,4,0,0,0,4,0,6,0,0,0,0,2,0,3,0,0,0,0,0,2,0,32,5
American Institute of Graphic Arts,5,2,0,3,0,0,0,1,0,4,0,0,0,4,0,6,0,0,0,0,2,0,3,0,0,0,0,0,2,0,32,5
American Lung Cancer Screening Initiative,5,2,0,3,0,0,0,1,0,4,0,0,0,4,0,6,0,0,0,0,2,0,3,0,0,0,0,0,2,0,32,5
American Marketing Association,5,2,0,3,0,0,0,1,0,4,0,0,0,4,0,6,0,0,0,0,2,0,3,0,0,0,0,0,2,0,32,5
American Medical Women's Association at UT Dallas,5,2,0,3,0,0,0,1,0,4,0,0,0,4,0,6,0,0,0,0,2,0,3,0,0,0,0,0,2,0,32,5
American Muslim Women Physician Association at UT Dallas,5,2,0,3,0,0,0,1,0,4,0,0,0,4,0,6,0,0,0,0,2,0,3,0,0,0,0,0,2,0,32,5
American Society of Mechanical Engineers UTD Student Chapter,5,2,0,3,0,0,0,1,0,4,0,0,0,4,0,6,0,0,0,0,2,0,3,0,0,0,0,0,2,0,32,5
Analysis on In Memory Database,5,2,0,3,0,0,0,1,0,4,0,0,0,4,0,6,0,0,0,0,2,0,3,0,0,0,0,0,2,0,32,5
Anim3,5,2,0,3,0,0,0,1,0,4,0,0,0,4,0,6,0,0,0,0,2,0,3,0,0,0,0,0,2,0,32,5
Anime Orchestra Ensemble,5,2,0,3,0,0,0,1,0,4,0,0,0,4,0,6,0,0,0,0,2,0,3,0,0,0,0,0,2,0,32,5
Arab Student Association ,5,2,0,3,0,0,0,1,0,4,0,0,0,4,0,6,0,0,0,0,2,0,3,0,0,0,0,0,2,0,32,5
Arters and Crafters of UTD,5,2,0,3,0,0,0,1,0,4,0,0,0,4,0,6,0,0,0,0,2,0,3,0,0,0,0,0,2,0,32,5
Artificial Intelligence M.D.,5,2,0,3,0,0,0,1,0,4,0,0,0,4,0,6,0,0,0,0,2,0,3,0,0,0,0,0,2,0,32,5
Artificial Intelligence Society,5,2,0,3,0,0,0,1,0,4,0,0,0,4,0,6,0,0,0,0,2,0,3,0,0,0,0,0,2,0,32,5
Artificial Intelligence Student Collective at UT Dallas,5,2,0,3,0,0,0,1,0,4,0,0,0,4,0,6,0,0,0,0,2,0,3,0,0,0,0,0,2,0,32,5
Ascend UTD,5,2,0,3,0,0,0,1,0,4,0,0,0,4,0,6,0,0,0,0,2,0,3,0,0,0,0,0,2,0,32,5
Asian Student Organization ,5,2,0,3,0,0,0,1,0,4,0,0,0,4,0,6,0,0,0,0,2,0,3,0,0,0,0,0,2,0,32,5
Association for Computing Machinery,5,2,0,3,0,0,0,1,0,4,0,0,0,4,0,6,0,0,0,0,2,0,3,0,0,0,0,0,2,0,32,5
Association for Information Systems,5,2,0,3,0,0,0,1,0,4,0,0,0,4,0,6,0,0,0,0,2,0,3,0,0,0,0,0,2,0,32,5
Association for Supply Chain Management Student Forum (ASCM Student Forum),5,2,0,3,0,0,0,1,0,4,0,0,0,4,0,6,0,0,0,0,2,0,3,0,0,0,0,0,2,0,32,5
Association of Brazilian Students,5,2,0,3,0,0,0,1,0,4,0,0,0,4,0,6,0,0,0,0,2,0,3,0,0,0,0,0,2,0,32,5
Association of Digital Music Creators ,5,2,0,3,0,0,0,1,0,4,0,0,0,4,0,6,0,0,0,0,2,0,3,0,0,0,0,0,2,0,32,5
Association of Energy Engineers,5,2,0,3,0,0,0,1,0,4,0,0,0,4,0,6,0,0,0,0,2,0,3,0,0,0,0,0,2,0,32,5
Association of Fundraising Professionals,5,2,0,3,0,0,0,1,0,4,0,0,0,4,0,6,0,0,0,0,2,0,3,0,0,0,0,0,2,0,32,5
Association of International Energy Negotiators,5,2,0,3,0,0,0,1,0,4,0,0,0,4,0,6,0,0,0,0,2,0,3,0,0,0,0,0,2,0,32,5
Association of Latin American Students,5,2,0,3,0,0,0,1,0,4,0,0,0,4,0,6,0,0,0,0,2,0,3,0,0,0,0,0,2,0,32,5
Association of Latino Professionals For America,5,2,0,3,0,0,0,1,0,4,0,0,0,4,0,6,0,0,0,0,2,0,3,0,0,0,0,0,2,0,32,5
Astronomy and Cosmology Society ,5,2,0,3,0,0,0,1,0,4,0,0,0,4,0,6,0,0,0,0,2,0,3,0,0,0,0,0,2,0,32,5
Atoms and Ions Biochemistry Club,5,2,0,3,0,0,0,1,0,4,0,0,0,4,0,6,0,0,0,0,2,0,3,0,0,0,0,0,2,0,32,5
Audio Design Association,5,2,0,3,0,0,0,1,0,4,0,0,0,4,0,6,0,0,0,0,2,0,3,0,0,0,0,0,2,0,32,5
Aviation Association UTD,5,2,0,3,0,0,0,1,0,4,0,0,0,4,0,6,0,0,0,0,2,0,3,0,0,0,0,0,2,0,32,5
Awaazein,5,2,0,3,0,0,0,1,0,4,0,0,0,4,0,6,0,0,0,0,2,0,3,0,0,0,0,0,2,0,32,5
AWS Cloud Club,5,2,0,3,0,0,0,1,0,4,0,0,0,4,0,6,0,0,0,0,2,0,3,0,0,0,0,0,2,0,32,5
Baha’i Club  ,5,2,0,3,0,0,0,1,0,4,0,0,0,4,0,6,0,0,0,0,2,0,3,0,0,0,0,0,2,0,32,5
Baking for a Cause ,5,2,0,3,0,0,0,1,0,4,0,0,0,4,0,6,0,0,0,0,2,0,3,0,0,0,0,0,2,0,32,5
Bangladeshi Student Organization,5,2,0,3,0,0,0,1,0,4,0,0,0,4,0,6,0,0,0,0,2,0,3,0,0,0,0,0,2,0,32,5
Banking & Capital Markets Workshop,5,2,0,3,0,0,0,1,0,4,0,0,0,4,0,6,0,0,0,0,2,0,3,0,0,0,0,0,2,0,32,5
BAPS Campus Fellowship,5,2,0,3,0,0,0,1,0,4,0,0,0,4,0,6,0,0,0,0,2,0,3,0,0,0,0,0,2,0,32,5
Baptist Student Ministry,5,2,0,3,0,0,0,1,0,4,0,0,0,4,0,6,0,0,0,0,2,0,3,0,0,0,0,0,2,0,32,5
Between the Lines UTD,5,2,0,3,0,0,0,1,0,4,0,0,0,4,0,6,0,0,0,0,2,0,3,0,0,0,0,0,2,0,32,5
Big Data Club,5,2,0,3,0,0,0,1,0,4,0,0,0,4,0,6,0,0,0,0,2,0,3,0,0,0,0,0,2,0,32,5
Bioethics UTD,5,2,0,3,0,0,0,1,0,4,0,0,0,4,0,6,0,0,0,0,2,0,3,0,0,0,0,0,2,0,32,5
Biology Graduate Student Council,5,2,0,3,0,0,0,1,0,4,0,0,0,4,0,6,0,0,0,0,2,0,3,0,0,0,0,0,2,0,32,5
Biomedical Engineering and Innovation Society,5,2,0,3,0,0,0,1,0,4,0,0,0,4,0,6,0,0,0,0,2,0,3,0,0,0,0,0,2,0,32,5
Biomedical Engineering Society,5,2,0,3,0,0,0,1,0,4,0,0,0,4,0,6,0,0,0,0,2,0,3,0,0,0,0,0,2,0,32,5
Black Graduate Student Association,5,2,0,3,0,0,0,1,0,4,0,0,0,4,0,6,0,0,0,0,2,0,3,0,0,0,0,0,2,0,32,5
Black Student Alliance,5,2,0,3,0,0,0,1,0,4,0,0,0,4,0,6,0,0,0,0,2,0,3,0,0,0,0,0,2,0,32,5
Black Students for Public Health,5,2,0,3,0,0,0,1,0,4,0,0,0,4,0,6,0,0,0,0,2,0,3,0,0,0,0,0,2,0,32,5
Black Students in Medicine,5,2,0,3,0,0,0,1,0,4,0,0,0,4,0,6,0,0,0,0,2,0,3,0,0,0,0,0,2,0,32,5
Board Gaming Club,5,2,0,3,0,0,0,1,0,4,0,0,0,4,0,6,0,0,0,0,2,0,3,0,0,0,0,0,2,0,32,5
Bodybuilding and Wellness Club at UTD,5,2,0,3,0,0,0,1,0,4,0,0,0,4,0,6,0,0,0,0,2,0,3,0,0,0,0,0,2,0,32,5
Bujo Buddies UTD,5,2,0,3,0,0,0,1,0,4,0,0,0,4,0,6,0,0,0,0,2,0,3,0,0,0,0,0,2,0,32,5
Business Professionals of America (BPA) at the University of Texas at Dallas,5,2,0,3,0,0,0,1,0,4,0,0,0,4,0,6,0,0,0,0,2,0,3,0,0,0,0,0,2,0,32,5
Call of Duty Club at UTD,5,2,0,3,0,0,0,1,0,4,0,0,0,4,0,6,0,0,0,0,2,0,3,0,0,0,0,0,2,0,32,5
Camp Kesem at University of Texas at Dallas,5,2,0,3,0,0,0,1,0,4,0,0,0,4,0,6,0,0,0,0,2,0,3,0,0,0,0,0,2,0,32,5
Campus Chinese Bible Study,5,2,0,3,0,0,0,1,0,4,0,0,0,4,0,6,0,0,0,0,2,0,3,0,0,0,0,0,2,0,32,5
Canterbury Club,5,2,0,3,0,0,0,1,0,4,0,0,0,4,0,6,0,0,0,0,2,0,3,0,0,0,0,0,2,0,32,5
Caribbean Student's Association,5,2,0,3,0,0,0,1,0,4,0,0,0,4,0,6,0,0,0,0,2,0,3,0,0,0,0,0,2,0,32,5
CERT UTD,5,2,0,3,0,0,0,1,0,4,0,0,0,4,0,6,0,0,0,0,2,0,3,0,0,0,0,0,2,0,32,5
Chabad Jewish Student Organization at UTD ,5,2,0,3,0,0,0,1,0,4,0,0,0,4,0,6,0,0,0,0,2,0,3,0,0,0,0,0,2,0,32,5
Changing Health Attitudes + Actions to Recreate Girls (CHAARG),5,2,0,3,0,0,0,1,0,4,0,0,0,4,0,6,0,0,0,0,2,0,3,0,0,0,0,0,2,0,32,5
Chemistry Graduate Student Organization,5,2,0,3,0,0,0,1,0,4,0,0,0,4,0,6,0,0,0,0,2,0,3,0,0,0,0,0,2,0,32,5
Chemistry Student Association,5,2,0,3,0,0,0,1,0,4,0,0,0,4,0,6,0,0,0,0,2,0,3,0,0,0,0,0,2,0,32,5
Chi Alpha Iota Diaternity,5,2,0,3,0,0,0,1,0,4,0,0,0,4,0,6,0,0,0,0,2,0,3,0,0,0,0,0,2,0,32,5
Child Learning UTD,5,2,0,3,0,0,0,1,0,4,0,0,0,4,0,6,0,0,0,0,2,0,3,0,0,0,0,0,2,0,32,5
Chinese Dancing Crew,5,2,0,3,0,0,0,1,0,4,0,0,0,4,0,6,0,0,0,0,2,0,3,0,0,0,0,0,2,0,32,5
Chinese Student Association,5,2,0,3,0,0,0,1,0,4,0,0,0,4,0,6,0,0,0,0,2,0,3,0,0,0,0,0,2,0,32,5
Chinese Tea Club,5,2,0,3,0,0,0,1,0,4,0,0,0,4,0,6,0,0,0,0,2,0,3,0,0,0,0,0,2,0,32,5
Christian Students on Campus,5,2,0,3,0,0,0,1,0,4,0,0,0,4,0,6,0,0,0,0,2,0,3,0,0,0,0,0,2,0,32,5
Club Baseball UTD,5,2,0,3,0,0,0,1,0,4,0,0,0,4,0,6,0,0,0,0,2,0,3,0,0,0,0,0,2,0,32,5
Coalition of Psychology/Psi Chi,5,2,0,3,0,0,0,1,0,4,0,0,0,4,0,6,0,0,0,0,2,0,3,0,0,0,0,0,2,0,32,5
Code.exe,5,2,0,3,0,0,0,1,0,4,0,0,0,4,0,6,0,0,0,0,2,0,3,0,0,0,0,0,2,0,32,5
College Democrats at UTD,5,2,0,3,0,0,0,1,0,4,0,0,0,4,0,6,0,0,0,0,2,0,3,0,0,0,0,0,2,0,32,5
College Life,5,2,0,3,0,0,0,1,0,4,0,0,0,4,0,6,0,0,0,0,2,0,3,0,0,0,0,0,2,0,32,5
Collegiate World Affairs Council,5,2,0,3,0,0,0,1,0,4,0,0,0,4,0,6,0,0,0,0,2,0,3,0,0,0,0,0,2,0,32,5
Comet Cinema Club,5,2,0,3,0,0,0,1,0,4,0,0,0,4,0,6,0,0,0,0,2,0,3,0,0,0,0,0,2,0,32,5
Comet Cosplay,5,2,0,3,0,0,0,1,0,4,0,0,0,4,0,6,0,0,0,0,2,0,3,0,0,0,0,0,2,0,32,5
Comet Cricket Club ,5,2,0,3,0,0,0,1,0,4,0,0,0,4,0,6,0,0,0,0,2,0,3,0,0,0,0,0,2,0,32,5
Comet Cubing Club,5,2,0,3,0,0,0,1,0,4,0,0,0,4,0,6,0,0,0,0,2,0,3,0,0,0,0,0,2,0,32,5
Comet Marketing,5,2,0,3,0,0,0,1,0,4,0,0,0,4,0,6,0,0,0,0,2,0,3,0,0,0,0,0,2,0,32,5
Comet Robotics at UTDallas,5,2,0,3,0,0,0,1,0,4,0,0,0,4,0,6,0,0,0,0,2,0,3,0,0,0,0,0,2,0,32,5
Comet Science Olympiad Student Organization,5,2,0,3,0,0,0,1,0,4,0,0,0,4,0,6,0,0,0,0,2,0,3,0,0,0,0,0,2,0,32,5
Comet Soccer Pick-Up,5,2,0,3,0,0,0,1,0,4,0,0,0,4,0,6,0,0,0,0,2,0,3,0,0,0,0,0,2,0,32,5
Comet Solar Racing,5,2,0,3,0,0,0,1,0,4,0,0,0,4,0,6,0,0,0,0,2,0,3,0,0,0,0,0,2,0,32,5
Comet Tutors,5,2,0,3,0,0,0,1,0,4,0,0,0,4,0,6,0,0,0,0,2,0,3,0,0,0,0,0,2,0,32,5
Comet Wrestling Club,5,2,0,3,0,0,0,1,0,4,0,0,0,4,0,6,0,0,0,0,2,0,3,0,0,0,0,0,2,0,32,5
Comets Against Computer Programming,5,2,0,3,0,0,0,1,0,4,0,0,0,4,0,6,0,0,0,0,2,0,3,0,0,0,0,0,2,0,32,5
Comets For Better Transit,5,2,0,3,0,0,0,1,0,4,0,0,0,4,0,6,0,0,0,0,2,0,3,0,0,0,0,0,2,0,32,5
Comets for Israel,5,2,0,3,0,0,0,1,0,4,0,0,0,4,0,6,0,0,0,0,2,0,3,0,0,0,0,0,2,0,32,5
Comets United Against Cancer,5,2,0,3,0,0,0,1,0,4,0,0,0,4,0,6,0,0,0,0,2,0,3,0,0,0,0,0,2,0,32,5
CometTHON,5,2,0,3,0,0,0,1,0,4,0,0,0,4,0,6,0,0,0,0,2,0,3,0,0,0,0,0,2,0,32,5
Computer Security Group,5,2,0,3,0,0,0,1,0,4,0,0,0,4,0,6,0,0,0,0,2,0,3,0,0,0,0,0,2,0,32,5
Connect CMI,5,2,0,3,0,0,0,1,0,4,0,0,0,4,0,6,0,0,0,0,2,0,3,0,0,0,0,0,2,0,32,5
Consult Your Community,5,2,0,3,0,0,0,1,0,4,0,0,0,4,0,6,0,0,0,0,2,0,3,0,0,0,0,0,2,0,32,5
Consulting and Leadership Development Society,5,2,0,3,0,0,0,1,0,4,0,0,0,4,0,6,0,0,0,0,2,0,3,0,0,0,0,0,2,0,32,5
Cookout Club at UTD,5,2,0,3,0,0,0,1,0,4,0,0,0,4,0,6,0,0,0,0,2,0,3,0,0,0,0,0,2,0,32,5
Creative Hub Club,5,2,0,3,0,0,0,1,0,4,0,0,0,4,0,6,0,0,0,0,2,0,3,0,0,0,0,0,2,0,32,5
Creative Writers Guild,5,2,0,3,0,0,0,1,0,4,0,0,0,4,0,6,0,0,0,0,2,0,3,0,0,0,0,0,2,0,32,5
Criminology Graduate Student Association,5,2,0,3,0,0,0,1,0,4,0,0,0,4,0,6,0,0,0,0,2,0,3,0,0,0,0,0,2,0,32,5
Crissa's Community Outreach,5,2,0,3,0,0,0,1,0,4,0,0,0,4,0,6,0,0,0,0,2,0,3,0,0,0,0,0,2,0,32,5
Crochet club,5,2,0,3,0,0,0,1,0,4,0,0,0,4,0,6,0,0,0,0,2,0,3,0,0,0,0,0,2,0,32,5
Crowd UTD,5,2,0,3,0,0,0,1,0,4,0,0,0,4,0,6,0,0,0,0,2,0,3,0,0,0,0,0,2,0,32,5
Cru,5,2,0,3,0,0,0,1,0,4,0,0,0,4,0,6,0,0,0,0,2,0,3,0,0,0,0,0,2,0,32,5
Cybersecurity Club,5,2,0,3,0,0,0,1,0,4,0,0,0,4,0,6,0,0,0,0,2,0,3,0,0,0,0,0,2,0,32,5
Dallas Formula Racing,5,2,0,3,0,0,0,1,0,4,0,0,0,4,0,6,0,0,0,0,2,0,3,0,0,0,0,0,2,0,32,5
Dallas Musical Outreach,5,2,0,3,0,0,0,1,0,4,0,0,0,4,0,6,0,0,0,0,2,0,3,0,0,0,0,0,2,0,32,5
Dallas Persian Association,5,2,0,3,0,0,0,1,0,4,0,0,0,4,0,6,0,0,0,0,2,0,3,0,0,0,0,0,2,0,32,5
DECA,5,2,0,3,0,0,0,1,0,4,0,0,0,4,0,6,0,0,0,0,2,0,3,0,0,0,0,0,2,0,32,5
Deeds Not Words,5,2,0,3,0,0,0,1,0,4,0,0,0,4,0,6,0,0,0,0,2,0,3,0,0,0,0,0,2,0,32,5
"Delta Epsilon Mu, Inc. - Beta Gamma Chapter",5,2,0,3,0,0,0,1,0,4,0,0,0,4,0,6,0,0,0,0,2,0,3,0,0,0,0,0,2,0,32,5
Delta Sigma Pi - Chi Psi,5,2,0,3,0,0,0,1,0,4,0,0,0,4,0,6,0,0,0,0,2,0,3,0,0,0,0,0,2,0,32,5
Design Society Student Chapter,5,2,0,3,0,0,0,1,0,4,0,0,0,4,0,6,0,0,0,0,2,0,3,0,0,0,0,0,2,0,32,5
Dhunki A Cappella,5,2,0,3,0,0,0,1,0,4,0,0,0,4,0,6,0,0,0,0,2,0,3,0,0,0,0,0,2,0,32,5
Effective Altruism UT Dallas,5,2,0,3,0,0,0,1,0,4,0,0,0,4,0,6,0,0,0,0,2,0,3,0,0,0,0,0,2,0,32,5
Electronic Hardware Design Society,5,2,0,3,0,0,0,1,0,4,0,0,0,4,0,6,0,0,0,0,2,0,3,0,0,0,0,0,2,0,32,5
End Overdose at UT Dallas,5,2,0,3,0,0,0,1,0,4,0,0,0,4,0,6,0,0,0,0,2,0,3,0,0,0,0,0,2,0,32,5
Environmental Conservation Organization at UTD,5,2,0,3,0,0,0,1,0,4,0,0,0,4,0,6,0,0,0,0,2,0,3,0,0,0,0,0,2,0,32,5
Envision,5,2,0,3,0,0,0,1,0,4,0,0,0,4,0,6,0,0,0,0,2,0,3,0,0,0,0,0,2,0,32,5
Epic Movement,5,2,0,3,0,0,0,1,0,4,0,0,0,4,0,6,0,0,0,0,2,0,3,0,0,0,0,0,2,0,32,5
Estudiantil de Español,5,2,0,3,0,0,0,1,0,4,0,0,0,4,0,6,0,0,0,0,2,0,3,0,0,0,0,0,2,0,32,5
Eye Care for Everyone,5,2,0,3,0,0,0,1,0,4,0,0,0,4,0,6,0,0,0,0,2,0,3,0,0,0,0,0,2,0,32,5
Faces of African Muslims,5,2,0,3,0,0,0,1,0,4,0,0,0,4,0,6,0,0,0,0,2,0,3,0,0,0,0,0,2,0,32,5
FeelGood,5,2,0,3,0,0,0,1,0,4,0,0,0,4,0,6,0,0,0,0,2,0,3,0,0,0,0,0,2,0,32,5
Fellowship of Christian University Students,5,2,0,3,0,0,0,1,0,4,0,0,0,4,0,6,0,0,0,0,2,0,3,0,0,0,0,0,2,0,32,5
Filipino Students' Association (FSA),5,2,0,3,0,0,0,1,0,4,0,0,0,4,0,6,0,0,0,0,2,0,3,0,0,0,0,0,2,0,32,5
Filmani Productions,5,2,0,3,0,0,0,1,0,4,0,0,0,4,0,6,0,0,0,0,2,0,3,0,0,0,0,0,2,0,32,5
Financial Leadership Association,5,2,0,3,0,0,0,1,0,4,0,0,0,4,0,6,0,0,0,0,2,0,3,0,0,0,0,0,2,0,32,5
FinTech UTD,5,2,0,3,0,0,0,1,0,4,0,0,0,4,0,6,0,0,0,0,2,0,3,0,0,0,0,0,2,0,32,5
First Aid For All,5,2,0,3,0,0,0,1,0,4,0,0,0,4,0,6,0,0,0,0,2,0,3,0,0,0,0,0,2,0,32,5
First Love Fellowship,5,2,0,3,0,0,0,1,0,4,0,0,0,4,0,6,0,0,0,0,2,0,3,0,0,0,0,0,2,0,32,5
For Autistic Empowerment,5,2,0,3,0,0,0,1,0,4,0,0,0,4,0,6,0,0,0,0,2,0,3,0,0,0,0,0,2,0,32,5
Fraternity & Sorority Life,5,2,0,3,0,0,0,1,0,4,0,0,0,4,0,6,0,0,0,0,2,0,3,0,0,0,0,0,2,0,32,5
French Club UTD,5,2,0,3,0,0,0,1,0,4,0,0,0,4,0,6,0,0,0,0,2,0,3,0,0,0,0,0,2,0,32,5
Friends of MSF,5,2,0,3,0,0,0,1,0,4,0,0,0,4,0,6,0,0,0,0,2,0,3,0,0,0,0,0,2,0,32,5
Friendship Association of Chinese Students and Scholars,5,2,0,3,0,0,0,1,0,4,0,0,0,4,0,6,0,0,0,0,2,0,3,0,0,0,0,0,2,0,32,5
Future Army Officers Association,5,2,0,3,0,0,0,1,0,4,0,0,0,4,0,6,0,0,0,0,2,0,3,0,0,0,0,0,2,0,32,5
Future Business Leaders of America-Collegiate (Phi Beta Lambda),5,2,0,3,0,0,0,1,0,4,0,0,0,4,0,6,0,0,0,0,2,0,3,0,0,0,0,0,2,0,32,5
Future Cyberpunks,5,2,0,3,0,0,0,1,0,4,0,0,0,4,0,6,0,0,0,0,2,0,3,0,0,0,0,0,2,0,32,5
Future Healthcare Leaders Alliance ,5,2,0,3,0,0,0,1,0,4,0,0,0,4,0,6,0,0,0,0,2,0,3,0,0,0,0,0,2,0,32,5
Gamma Iota Sigma,5,2,0,3,0,0,0,1,0,4,0,0,0,4,0,6,0,0,0,0,2,0,3,0,0,0,0,0,2,0,32,5
Gamma Sigma Sigma National Service Sorority,5,2,0,3,0,0,0,1,0,4,0,0,0,4,0,6,0,0,0,0,2,0,3,0,0,0,0,0,2,0,32,5
Gamma Theta Upsilon - Mu Gamma Chapter,5,2,0,3,0,0,0,1,0,4,0,0,0,4,0,6,0,0,0,0,2,0,3,0,0,0,0,0,2,0,32,5
Generative AI,5,2,0,3,0,0,0,1,0,4,0,0,0,4,0,6,0,0,0,0,2,0,3,0,0,0,0,0,2,0,32,5
Geoclub at UTD,5,2,0,3,0,0,0,1,0,4,0,0,0,4,0,6,0,0,0,0,2,0,3,0,0,0,0,0,2,0,32,5
Geriatric Health Society,5,2,0,3,0,0,0,1,0,4,0,0,0,4,0,6,0,0,0,0,2,0,3,0,0,0,0,0,2,0,32,5
Girl Up UTD,5,2,0,3,0,0,0,1,0,4,0,0,0,4,0,6,0,0,0,0,2,0,3,0,0,0,0,0,2,0,32,5
Girls Who Code,5,2,0,3,0,0,0,1,0,4,0,0,0,4,0,6,0,0,0,0,2,0,3,0,0,0,0,0,2,0,32,5
Gita Life,5,2,0,3,0,0,0,1,0,4,0,0,0,4,0,6,0,0,0,0,2,0,3,0,0,0,0,0,2,0,32,5
Global Brigades at UTD,5,2,0,3,0,0,0,1,0,4,0,0,0,4,0,6,0,0,0,0,2,0,3,0,0,0,0,0,2,0,32,5
Global Business Organization,5,2,0,3,0,0,0,1,0,4,0,0,0,4,0,6,0,0,0,0,2,0,3,0,0,0,0,0,2,0,32,5
Global Medical Missions Alliance,5,2,0,3,0,0,0,1,0,4,0,0,0,4,0,6,0,0,0,0,2,0,3,0,0,0,0,0,2,0,32,5
Global Mobility Club ,5,2,0,3,0,0,0,1,0,4,0,0,0,4,0,6,0,0,0,0,2,0,3,0,0,0,0,0,2,0,32,5
Global Physicians for Peace,5,2,0,3,0,0,0,1,0,4,0,0,0,4,0,6,0,0,0,0,2,0,3,0,0,0,0,0,2,0,32,5
Golden Z Club at UT Dallas,5,2,0,3,0,0,0,1,0,4,0,0,0,4,0,6,0,0,0,0,2,0,3,0,0,0,0,0,2,0,32,5
Google Developer Student Club,5,2,0,3,0,0,0,1,0,4,0,0,0,4,0,6,0,0,0,0,2,0,3,0,0,0,0,0,2,0,32,5
Graduate Finance Management Council (GFMC),5,2,0,3,0,0,0,1,0,4,0,0,0,4,0,6,0,0,0,0,2,0,3,0,0,0,0,0,2,0,32,5
Graduate Students in Physics,5,2,0,3,0,0,0,1,0,4,0,0,0,4,0,6,0,0,0,0,2,0,3,0,0,0,0,0,2,0,32,5
HackHub,5,2,0,3,0,0,0,1,0,4,0,0,0,4,0,6,0,0,0,0,2,0,3,0,0,0,0,0,2,0,32,5
Hallyu Wave at UTD,5,2,0,3,0,0,0,1,0,4,0,0,0,4,0,6,0,0,0,0,2,0,3,0,0,0,0,0,2,0,32,5
Hansini,5,2,0,3,0,0,0,1,0,4,0,0,0,4,0,6,0,0,0,0,2,0,3,0,0,0,0,0,2,0,32,5
Harmony Comets,5,2,0,3,0,0,0,1,0,4,0,0,0,4,0,6,0,0,0,0,2,0,3,0,0,0,0,0,2,0,32,5
Health Connect,5,2,0,3,0,0,0,1,0,4,0,0,0,4,0,6,0,0,0,0,2,0,3,0,0,0,0,0,2,0,32,5
Health Occupations Students of America (HOSA),5,2,0,3,0,0,0,1,0,4,0,0,0,4,0,6,0,0,0,0,2,0,3,0,0,0,0,0,2,0,32,5
Healthcare Management Association,5,2,0,3,0,0,0,1,0,4,0,0,0,4,0,6,0,0,0,0,2,0,3,0,0,0,0,0,2,0,32,5
Healthwell Foundation,5,2,0,3,0,0,0,1,0,4,0,0,0,4,0,6,0,0,0,0,2,0,3,0,0,0,0,0,2,0,32,5
Hearts for the Homeless UTD,5,2,0,3,0,0,0,1,0,4,0,0,0,4,0,6,0,0,0,0,2,0,3,0,0,0,0,0,2,0,32,5
Helping Hands,5,2,0,3,0,0,0,1,0,4,0,0,0,4,0,6,0,0,0,0,2,0,3,0,0,0,0,0,2,0,32,5
HerCampus at UTD,5,2,0,3,0,0,0,1,0,4,0,0,0,4,0,6,0,0,0,0,2,0,3,0,0,0,0,0,2,0,32,5
Heroes United FC,5,2,0,3,0,0,0,1,0,4,0,0,0,4,0,6,0,0,0,0,2,0,3,0,0,0,0,0,2,0,32,5
Hillel,5,2,0,3,0,0,0,1,0,4,0,0,0,4,0,6,0,0,0,0,2,0,3,0,0,0,0,0,2,0,32,5
Hindu YUVA at UTD,5,2,0,3,0,0,0,1,0,4,0,0,0,4,0,6,0,0,0,0,2,0,3,0,0,0,0,0,2,0,32,5
Humanity First,5,2,0,3,0,0,0,1,0,4,0,0,0,4,0,6,0,0,0,0,2,0,3,0,0,0,0,0,2,0,32,5
Ice Comets Skating Club,5,2,0,3,0,0,0,1,0,4,0,0,0,4,0,6,0,0,0,0,2,0,3,0,0,0,0,0,2,0,32,5
Ihsan Healthcare Association,5,2,0,3,0,0,0,1,0,4,0,0,0,4,0,6,0,0,0,0,2,0,3,0,0,0,0,0,2,0,32,5
Indian Student Association,5,2,0,3,0,0,0,1,0,4,0,0,0,4,0,6,0,0,0,0,2,0,3,0,0,0,0,0,2,0,32,5
Indigo Magazine,5,2,0,3,0,0,0,1,0,4,0,0,0,4,0,6,0,0,0,0,2,0,3,0,0,0,0,0,2,0,32,5
Infinity Lions Club,5,2,0,3,0,0,0,1,0,4,0,0,0,4,0,6,0,0,0,0,2,0,3,0,0,0,0,0,2,0,32,5
Information Systems Security Association UTD Subchapter,5,2,0,3,0,0,0,1,0,4,0,0,0,4,0,6,0,0,0,0,2,0,3,0,0,0,0,0,2,0,32,5
INFORMS at UTD,5,2,0,3,0,0,0,1,0,4,0,0,0,4,0,6,0,0,0,0,2,0,3,0,0,0,0,0,2,0,32,5
Institiute of Electrical and Electronics Engineers,5,2,0,3,0,0,0,1,0,4,0,0,0,4,0,6,0,0,0,0,2,0,3,0,0,0,0,0,2,0,32,5
Institute for Innovation and Entrepreneurship Leadership Council,5,2,0,3,0,0,0,1,0,4,0,0,0,4,0,6,0,0,0,0,2,0,3,0,0,0,0,0,2,0,32,5
Institute of Electrical and Electronics Engineers,5,2,0,3,0,0,0,1,0,4,0,0,0,4,0,6,0,0,0,0,2,0,3,0,0,0,0,0,2,0,32,5
Intelligent Transportation Systems UTD (ITS UTD),5,2,0,3,0,0,0,1,0,4,0,0,0,4,0,6,0,0,0,0,2,0,3,0,0,0,0,0,2,0,32,5
Inter Collegiate Prayer Fellowship,5,2,0,3,0,0,0,1,0,4,0,0,0,4,0,6,0,0,0,0,2,0,3,0,0,0,0,0,2,0,32,5
Intercollegiate Prayer Fellowship,5,2,0,3,0,0,0,1,0,4,0,0,0,4,0,6,0,0,0,0,2,0,3,0,0,0,0,0,2,0,32,5
Intercultural Programs,5,2,0,3,0,0,0,1,0,4,0,0,0,4,0,6,0,0,0,0,2,0,3,0,0,0,0,0,2,0,32,5
International Christian Fellowship (ICF),5,2,0,3,0,0,0,1,0,4,0,0,0,4,0,6,0,0,0,0,2,0,3,0,0,0,0,0,2,0,32,5
International Management Studies Student Council,5,2,0,3,0,0,0,1,0,4,0,0,0,4,0,6,0,0,0,0,2,0,3,0,0,0,0,0,2,0,32,5
InterVarsity Christian Fellowship,5,2,0,3,0,0,0,1,0,4,0,0,0,4,0,6,0,0,0,0,2,0,3,0,0,0,0,0,2,0,32,5
Investment Management Club,5,2,0,3,0,0,0,1,0,4,0,0,0,4,0,6,0,0,0,0,2,0,3,0,0,0,0,0,2,0,32,5
Iranian Student Community,5,2,0,3,0,0,0,1,0,4,0,0,0,4,0,6,0,0,0,0,2,0,3,0,0,0,0,0,2,0,32,5
Islamic Relief at the University of Texas at Dallas,5,2,0,3,0,0,0,1,0,4,0,0,0,4,0,6,0,0,0,0,2,0,3,0,0,0,0,0,2,0,32,5
Italian Student Organization,5,2,0,3,0,0,0,1,0,4,0,0,0,4,0,6,0,0,0,0,2,0,3,0,0,0,0,0,2,0,32,5
Japan Traditional Karate Club,5,2,0,3,0,0,0,1,0,4,0,0,0,4,0,6,0,0,0,0,2,0,3,0,0,0,0,0,2,0,32,5
Japanese Language Association,5,2,0,3,0,0,0,1,0,4,0,0,0,4,0,6,0,0,0,0,2,0,3,0,0,0,0,0,2,0,32,5
Japanese Student Association,5,2,0,3,0,0,0,1,0,4,0,0,0,4,0,6,0,0,0,0,2,0,3,0,0,0,0,0,2,0,32,5
JKYog YUVA at UTD,5,2,0,3,0,0,0,1,0,4,0,0,0,4,0,6,0,0,0,0,2,0,3,0,0,0,0,0,2,0,32,5
JOLT Action,5,2,0,3,0,0,0,1,0,4,0,0,0,4,0,6,0,0,0,0,2,0,3,0,0,0,0,0,2,0,32,5
JSOM Friday Toastmasters,5,2,0,3,0,0,0,1,0,4,0,0,0,4,0,6,0,0,0,0,2,0,3,0,0,0,0,0,2,0,32,5
Jujutsu Club,5,2,0,3,0,0,0,1,0,4,0,0,0,4,0,6,0,0,0,0,2,0,3,0,0,0,0,0,2,0,32,5
K5UTD Amateur Radio Club,5,2,0,3,0,0,0,1,0,4,0,0,0,4,0,6,0,0,0,0,2,0,3,0,0,0,0,0,2,0,32,5
Kannada Sangha @ UTD ,5,2,0,3,0,0,0,1,0,4,0,0,0,4,0,6,0,0,0,0,2,0,3,0,0,0,0,0,2,0,32,5
Kappa Delta Chi Sorority Incorporated,5,2,0,3,0,0,0,1,0,4,0,0,0,4,0,6,0,0,0,0,2,0,3,0,0,0,0,0,2,0,32,5
Kappa Delta Nu,5,2,0,3,0,0,0,1,0,4,0,0,0,4,0,6,0,0,0,0,2,0,3,0,0,0,0,0,2,0,32,5
Kappa Theta Pi,5,2,0,3,0,0,0,1,0,4,0,0,0,4,0,6,0,0,0,0,2,0,3,0,0,0,0,0,2,0,32,5
Kappa Theta Pi Mu Chapter,5,2,0,3,0,0,0,1,0,4,0,0,0,4,0,6,0,0,0,0,2,0,3,0,0,0,0,0,2,0,32,5
Keep in Mind,5,2,0,3,0,0,0,1,0,4,0,0,0,4,0,6,0,0,0,0,2,0,3,0,0,0,0,0,2,0,32,5
Kesem,5,2,0,3,0,0,0,1,0,4,0,0,0,4,0,6,0,0,0,0,2,0,3,0,0,0,0,0,2,0,32,5
Kidney Disease Screening & Awareness Program (KDSAP) at UTDallas,5,2,0,3,0,0,0,1,0,4,0,0,0,4,0,6,0,0,0,0,2,0,3,0,0,0,0,0,2,0,32,5
Korean International Student Association of Dallas,5,2,0,3,0,0,0,1,0,4,0,0,0,4,0,6,0,0,0,0,2,0,3,0,0,0,0,0,2,0,32,5
Korean Language Club,5,2,0,3,0,0,0,1,0,4,0,0,0,4,0,6,0,0,0,0,2,0,3,0,0,0,0,0,2,0,32,5
Korean Student Association,5,2,0,3,0,0,0,1,0,4,0,0,0,4,0,6,0,0,0,0,2,0,3,0,0,0,0,0,2,0,32,5
Laksh Indian Dance Team,5,2,0,3,0,0,0,1,0,4,0,0,0,4,0,6,0,0,0,0,2,0,3,0,0,0,0,0,2,0,32,5
Last Writers Club,5,2,0,3,0,0,0,1,0,4,0,0,0,4,0,6,0,0,0,0,2,0,3,0,0,0,0,0,2,0,32,5
Latter-day Saint Student Association,5,2,0,3,0,0,0,1,0,4,0,0,0,4,0,6,0,0,0,0,2,0,3,0,0,0,0,0,2,0,32,5
League of Legends at UTD,5,2,0,3,0,0,0,1,0,4,0,0,0,4,0,6,0,0,0,0,2,0,3,0,0,0,0,0,2,0,32,5
League of United Latin American Citizens ,5,2,0,3,0,0,0,1,0,4,0,0,0,4,0,6,0,0,0,0,2,0,3,0,0,0,0,0,2,0,32,5
Lemon Club at UT Dallas ,5,2,0,3,0,0,0,1,0,4,0,0,0,4,0,6,0,0,0,0,2,0,3,0,0,0,0,0,2,0,32,5
Let's Learn Italian Together,5,2,0,3,0,0,0,1,0,4,0,0,0,4,0,6,0,0,0,0,2,0,3,0,0,0,0,0,2,0,32,5
Leukemia & Lymphoma Society (LLS),5,2,0,3,0,0,0,1,0,4,0,0,0,4,0,6,0,0,0,0,2,0,3,0,0,0,0,0,2,0,32,5
Life Skills Club at The University of Texas at Dallas,5,2,0,3,0,0,0,1,0,4,0,0,0,4,0,6,0,0,0,0,2,0,3,0,0,0,0,0,2,0,32,5
Magic the Gathering Club at The University of Texas at Dallas,5,2,0,3,0,0,0,1,0,4,0,0,0,4,0,6,0,0,0,0,2,0,3,0,0,0,0,0,2,0,32,5
Magic UTD,5,2,0,3,0,0,0,1,0,4,0,0,0,4,0,6,0,0,0,0,2,0,3,0,0,0,0,0,2,0,32,5
Making Healthcare Affordable,5,2,0,3,0,0,0,1,0,4,0,0,0,4,0,6,0,0,0,0,2,0,3,0,0,0,0,0,2,0,32,5
Malankara Orthodox Christian Student Movement,5,2,0,3,0,0,0,1,0,4,0,0,0,4,0,6,0,0,0,0,2,0,3,0,0,0,0,0,2,0,32,5
Malayali Comet Association,5,2,0,3,0,0,0,1,0,4,0,0,0,4,0,6,0,0,0,0,2,0,3,0,0,0,0,0,2,0,32,5
MannMukti UTD,5,2,0,3,0,0,0,1,0,4,0,0,0,4,0,6,0,0,0,0,2,0,3,0,0,0,0,0,2,0,32,5
Mantra Lounge,5,2,0,3,0,0,0,1,0,4,0,0,0,4,0,6,0,0,0,0,2,0,3,0,0,0,0,0,2,0,32,5
Math Club,5,2,0,3,0,0,0,1,0,4,0,0,0,4,0,6,0,0,0,0,2,0,3,0,0,0,0,0,2,0,32,5
MBAs for Christ,5,2,0,3,0,0,0,1,0,4,0,0,0,4,0,6,0,0,0,0,2,0,3,0,0,0,0,0,2,0,32,5
Mechanical Engineering Graduate Association,5,2,0,3,0,0,0,1,0,4,0,0,0,4,0,6,0,0,0,0,2,0,3,0,0,0,0,0,2,0,32,5
Med Ethics UTD,5,2,0,3,0,0,0,1,0,4,0,0,0,4,0,6,0,0,0,0,2,0,3,0,0,0,0,0,2,0,32,5
Medical City Dallas Volunteers Club,5,2,0,3,0,0,0,1,0,4,0,0,0,4,0,6,0,0,0,0,2,0,3,0,0,0,0,0,2,0,32,5
Medical Engineering Association,5,2,0,3,0,0,0,1,0,4,0,0,0,4,0,6,0,0,0,0,2,0,3,0,0,0,0,0,2,0,32,5
Medical Ethics Association,5,2,0,3,0,0,0,1,0,4,0,0,0,4,0,6,0,0,0,0,2,0,3,0,0,0,0,0,2,0,32,5
"Medicine, Education, and Development for Low Income Families Everywhere (MEDLIFE)",5,2,0,3,0,0,0,1,0,4,0,0,0,4,0,6,0,0,0,0,2,0,3,0,0,0,0,0,2,0,32,5
Melisma Classical Vocal Ensemble,5,2,0,3,0,0,0,1,0,4,0,0,0,4,0,6,0,0,0,0,2,0,3,0,0,0,0,0,2,0,32,5
Memories Matter,5,2,0,3,0,0,0,1,0,4,0,0,0,4,0,6,0,0,0,0,2,0,3,0,0,0,0,0,2,0,32,5
Minecraft: Java Edition Club at the University of Texas at Dallas,5,2,0,3,0,0,0,1,0,4,0,0,0,4,0,6,0,0,0,0,2,0,3,0,0,0,0,0,2,0,32,5
Minority Assoication of Pre-Medical Students,5,2,0,3,0,0,0,1,0,4,0,0,0,4,0,6,0,0,0,0,2,0,3,0,0,0,0,0,2,0,32,5
Mise En Place,5,2,0,3,0,0,0,1,0,4,0,0,0,4,0,6,0,0,0,0,2,0,3,0,0,0,0,0,2,0,32,5
Molding Doctors at UTD,5,2,0,3,0,0,0,1,0,4,0,0,0,4,0,6,0,0,0,0,2,0,3,0,0,0,0,0,2,0,32,5
MOVE Texas UTD,5,2,0,3,0,0,0,1,0,4,0,0,0,4,0,6,0,0,0,0,2,0,3,0,0,0,0,0,2,0,32,5
Muslim Interscholastic Tournament,5,2,0,3,0,0,0,1,0,4,0,0,0,4,0,6,0,0,0,0,2,0,3,0,0,0,0,0,2,0,32,5
Muslim Professionals at UTDallas,5,2,0,3,0,0,0,1,0,4,0,0,0,4,0,6,0,0,0,0,2,0,3,0,0,0,0,0,2,0,32,5
Muslim Student Association,5,2,0,3,0,0,0,1,0,4,0,0,0,4,0,6,0,0,0,0,2,0,3,0,0,0,0,0,2,0,32,5
National Association of Black Accountants,5,2,0,3,0,0,0,1,0,4,0,0,0,4,0,6,0,0,0,0,2,0,3,0,0,0,0,0,2,0,32,5
"National Association of Women MBAs, the University of Texas at Dallas Chapter ",5,2,0,3,0,0,0,1,0,4,0,0,0,4,0,6,0,0,0,0,2,0,3,0,0,0,0,0,2,0,32,5
National Black Law Student Association,5,2,0,3,0,0,0,1,0,4,0,0,0,4,0,6,0,0,0,0,2,0,3,0,0,0,0,0,2,0,32,5
National Retail Federation Foundation ,5,2,0,3,0,0,0,1,0,4,0,0,0,4,0,6,0,0,0,0,2,0,3,0,0,0,0,0,2,0,32,5
National Society of Black Engineers,5,2,0,3,0,0,0,1,0,4,0,0,0,4,0,6,0,0,0,0,2,0,3,0,0,0,0,0,2,0,32,5
National Society of Black Women in Medicine,5,2,0,3,0,0,0,1,0,4,0,0,0,4,0,6,0,0,0,0,2,0,3,0,0,0,0,0,2,0,32,5
National Student Speech-Language Hearing Association (NSSLHA),5,2,0,3,0,0,0,1,0,4,0,0,0,4,0,6,0,0,0,0,2,0,3,0,0,0,0,0,2,0,32,5
Nebula Labs,5,2,0,3,0,0,0,1,0,4,0,0,0,4,0,6,0,0,0,0,2,0,3,0,0,0,0,0,2,0,32,5
Nepalese Graduate Student Association,5,2,0,3,0,0,0,1,0,4,0,0,0,4,0,6,0,0,0,0,2,0,3,0,0,0,0,0,2,0,32,5
Nepalese Student Association ,5,2,0,3,0,0,0,1,0,4,0,0,0,4,0,6,0,0,0,0,2,0,3,0,0,0,0,0,2,0,32,5
Neurorder,5,2,0,3,0,0,0,1,0,4,0,0,0,4,0,6,0,0,0,0,2,0,3,0,0,0,0,0,2,0,32,5
Neuroscience Graduate Student Association,5,2,0,3,0,0,0,1,0,4,0,0,0,4,0,6,0,0,0,0,2,0,3,0,0,0,0,0,2,0,32,5
Neuroscience Student Association,5,2,0,3,0,0,0,1,0,4,0,0,0,4,0,6,0,0,0,0,2,0,3,0,0,0,0,0,2,0,32,5
Newman Catholic Ministry,5,2,0,3,0,0,0,1,0,4,0,0,0,4,0,6,0,0,0,0,2,0,3,0,0,0,0,0,2,0,32,5
Noor Al-Yateem,5,2,0,3,0,0,0,1,0,4,0,0,0,4,0,6,0,0,0,0,2,0,3,0,0,0,0,0,2,0,32,5
Novis A Capella ,5,2,0,3,0,0,0,1,0,4,0,0,0,4,0,6,0,0,0,0,2,0,3,0,0,0,0,0,2,0,32,5
Novis A Cappella,5,2,0,3,0,0,0,1,0,4,0,0,0,4,0,6,0,0,0,0,2,0,3,0,0,0,0,0,2,0,32,5
Office of Student Volunteerism,5,2,0,3,0,0,0,1,0,4,0,0,0,4,0,6,0,0,0,0,2,0,3,0,0,0,0,0,2,0,32,5
Olympic Weightlifting at UTD,5,2,0,3,0,0,0,1,0,4,0,0,0,4,0,6,0,0,0,0,2,0,3,0,0,0,0,0,2,0,32,5
One For All,5,2,0,3,0,0,0,1,0,4,0,0,0,4,0,6,0,0,0,0,2,0,3,0,0,0,0,0,2,0,32,5
One Good Cookie,5,2,0,3,0,0,0,1,0,4,0,0,0,4,0,6,0,0,0,0,2,0,3,0,0,0,0,0,2,0,32,5
OpenUTD,5,2,0,3,0,0,0,1,0,4,0,0,0,4,0,6,0,0,0,0,2,0,3,0,0,0,0,0,2,0,32,5
Operation Smile UTD,5,2,0,3,0,0,0,1,0,4,0,0,0,4,0,6,0,0,0,0,2,0,3,0,0,0,0,0,2,0,32,5
Orthodox Christian Campus Ministries,5,2,0,3,0,0,0,1,0,4,0,0,0,4,0,6,0,0,0,0,2,0,3,0,0,0,0,0,2,0,32,5
Orthodox Christian Fellowship,5,2,0,3,0,0,0,1,0,4,0,0,0,4,0,6,0,0,0,0,2,0,3,0,0,0,0,0,2,0,32,5
"Out in Science, Technology, Engineering, and Mathematics (oSTEM)",5,2,0,3,0,0,0,1,0,4,0,0,0,4,0,6,0,0,0,0,2,0,3,0,0,0,0,0,2,0,32,5
Out in Tech at UT Dallas,5,2,0,3,0,0,0,1,0,4,0,0,0,4,0,6,0,0,0,0,2,0,3,0,0,0,0,0,2,0,32,5
Pakistani Students Association,5,2,0,3,0,0,0,1,0,4,0,0,0,4,0,6,0,0,0,0,2,0,3,0,0,0,0,0,2,0,32,5
Palette Hope,5,2,0,3,0,0,0,1,0,4,0,0,0,4,0,6,0,0,0,0,2,0,3,0,0,0,0,0,2,0,32,5
Paper for Water,5,2,0,3,0,0,0,1,0,4,0,0,0,4,0,6,0,0,0,0,2,0,3,0,0,0,0,0,2,0,32,5
Partners In Health Engage at the University of Texas at Dallas,5,2,0,3,0,0,0,1,0,4,0,0,0,4,0,6,0,0,0,0,2,0,3,0,0,0,0,0,2,0,32,5
Peace Africa Coffee Club,5,2,0,3,0,0,0,1,0,4,0,0,0,4,0,6,0,0,0,0,2,0,3,0,0,0,0,0,2,0,32,5
Period Project,5,2,0,3,0,0,0,1,0,4,0,0,0,4,0,6,0,0,0,0,2,0,3,0,0,0,0,0,2,0,32,5
PGN - Epsilon Omicron,5,2,0,3,0,0,0,1,0,4,0,0,0,4,0,6,0,0,0,0,2,0,3,0,0,0,0,0,2,0,32,5
Phi Alpha Theta,5,2,0,3,0,0,0,1,0,4,0,0,0,4,0,6,0,0,0,0,2,0,3,0,0,0,0,0,2,0,32,5
Phi Chi Theta,5,2,0,3,0,0,0,1,0,4,0,0,0,4,0,6,0,0,0,0,2,0,3,0,0,0,0,0,2,0,32,5
Phi Gamma Nu,5,2,0,3,0,0,0,1,0,4,0,0,0,4,0,6,0,0,0,0,2,0,3,0,0,0,0,0,2,0,32,5
Philosophy Club,5,2,0,3,0,0,0,1,0,4,0,0,0,4,0,6,0,0,0,0,2,0,3,0,0,0,0,0,2,0,32,5
Pickleball Club,5,2,0,3,0,0,0,1,0,4,0,0,0,4,0,6,0,0,0,0,2,0,3,0,0,0,0,0,2,0,32,5
Pokemon League at University of Texas at Dallas,5,2,0,3,0,0,0,1,0,4,0,0,0,4,0,6,0,0,0,0,2,0,3,0,0,0,0,0,2,0,32,5
Poker Club UTD,5,2,0,3,0,0,0,1,0,4,0,0,0,4,0,6,0,0,0,0,2,0,3,0,0,0,0,0,2,0,32,5
Poppy,5,2,0,3,0,0,0,1,0,4,0,0,0,4,0,6,0,0,0,0,2,0,3,0,0,0,0,0,2,0,32,5
Pre Pharmacy Association,5,2,0,3,0,0,0,1,0,4,0,0,0,4,0,6,0,0,0,0,2,0,3,0,0,0,0,0,2,0,32,5
Pre-Dental Association,5,2,0,3,0,0,0,1,0,4,0,0,0,4,0,6,0,0,0,0,2,0,3,0,0,0,0,0,2,0,32,5
Pre-Medical Language Club,5,2,0,3,0,0,0,1,0,4,0,0,0,4,0,6,0,0,0,0,2,0,3,0,0,0,0,0,2,0,32,5
Pre-Occupational Therapy & Pre-Physical Therapy Association UTD,5,2,0,3,0,0,0,1,0,4,0,0,0,4,0,6,0,0,0,0,2,0,3,0,0,0,0,0,2,0,32,5
Pre-Optometry Professional Society,5,2,0,3,0,0,0,1,0,4,0,0,0,4,0,6,0,0,0,0,2,0,3,0,0,0,0,0,2,0,32,5
Preproduction Collaborative,5,2,0,3,0,0,0,1,0,4,0,0,0,4,0,6,0,0,0,0,2,0,3,0,0,0,0,0,2,0,32,5
Pre-SOMA,5,2,0,3,0,0,0,1,0,4,0,0,0,4,0,6,0,0,0,0,2,0,3,0,0,0,0,0,2,0,32,5
Pre-Students of Osteopathic Medicine Association ,5,2,0,3,0,0,0,1,0,4,0,0,0,4,0,6,0,0,0,0,2,0,3,0,0,0,0,0,2,0,32,5
Pride at University of Texas at Dallas,5,2,0,3,0,0,0,1,0,4,0,0,0,4,0,6,0,0,0,0,2,0,3,0,0,0,0,0,2,0,32,5
Product@Dallas,5,2,0,3,0,0,0,1,0,4,0,0,0,4,0,6,0,0,0,0,2,0,3,0,0,0,0,0,2,0,32,5
Professional Asian Women-Student Association,5,2,0,3,0,0,0,1,0,4,0,0,0,4,0,6,0,0,0,0,2,0,3,0,0,0,0,0,2,0,32,5
Project Management Club,5,2,0,3,0,0,0,1,0,4,0,0,0,4,0,6,0,0,0,0,2,0,3,0,0,0,0,0,2,0,32,5
Project Pink,5,2,0,3,0,0,0,1,0,4,0,0,0,4,0,6,0,0,0,0,2,0,3,0,0,0,0,0,2,0,32,5
Project Sunshine UTD,5,2,0,3,0,0,0,1,0,4,0,0,0,4,0,6,0,0,0,0,2,0,3,0,0,0,0,0,2,0,32,5
Protecting animals against abuse and aiding in welfare,5,2,0,3,0,0,0,1,0,4,0,0,0,4,0,6,0,0,0,0,2,0,3,0,0,0,0,0,2,0,32,5
Punjabi Cultural Association,5,2,0,3,0,0,0,1,0,4,0,0,0,4,0,6,0,0,0,0,2,0,3,0,0,0,0,0,2,0,32,5
QUANTITATIVE FINANCE GROUP,5,2,0,3,0,0,0,1,0,4,0,0,0,4,0,6,0,0,0,0,2,0,3,0,0,0,0,0,2,0,32,5
Queer and Trans People of Color at UT Dallas,5,2,0,3,0,0,0,1,0,4,0,0,0,4,0,6,0,0,0,0,2,0,3,0,0,0,0,0,2,0,32,5
Racquetball Club,5,2,0,3,0,0,0,1,0,4,0,0,0,4,0,6,0,0,0,0,2,0,3,0,0,0,0,0,2,0,32,5
Radio UTD,5,2,0,3,0,0,0,1,0,4,0,0,0,4,0,6,0,0,0,0,2,0,3,0,0,0,0,0,2,0,32,5
Raftaar UTD,5,2,0,3,0,0,0,1,0,4,0,0,0,4,0,6,0,0,0,0,2,0,3,0,0,0,0,0,2,0,32,5
Rainbow Guard,5,2,0,3,0,0,0,1,0,4,0,0,0,4,0,6,0,0,0,0,2,0,3,0,0,0,0,0,2,0,32,5
Rainbow Six Siege Club at UTD,5,2,0,3,0,0,0,1,0,4,0,0,0,4,0,6,0,0,0,0,2,0,3,0,0,0,0,0,2,0,32,5
Rangam Indian Classical Dance Team,5,2,0,3,0,0,0,1,0,4,0,0,0,4,0,6,0,0,0,0,2,0,3,0,0,0,0,0,2,0,32,5
Reaching and Inspiring Student Engineers,5,2,0,3,0,0,0,1,0,4,0,0,0,4,0,6,0,0,0,0,2,0,3,0,0,0,0,0,2,0,32,5
Reasonable Faith UTD,5,2,0,3,0,0,0,1,0,4,0,0,0,4,0,6,0,0,0,0,2,0,3,0,0,0,0,0,2,0,32,5
Recite and Reflect (RnR),5,2,0,3,0,0,0,1,0,4,0,0,0,4,0,6,0,0,0,0,2,0,3,0,0,0,0,0,2,0,32,5
Reformed University Fellowship International,5,2,0,3,0,0,0,1,0,4,0,0,0,4,0,6,0,0,0,0,2,0,3,0,0,0,0,0,2,0,32,5
Reptile Club of UTD,5,2,0,3,0,0,0,1,0,4,0,0,0,4,0,6,0,0,0,0,2,0,3,0,0,0,0,0,2,0,32,5
RoboSub,5,2,0,3,0,0,0,1,0,4,0,0,0,4,0,6,0,0,0,0,2,0,3,0,0,0,0,0,2,0,32,5
Sahaja Yoga Meditation Club,5,2,0,3,0,0,0,1,0,4,0,0,0,4,0,6,0,0,0,0,2,0,3,0,0,0,0,0,2,0,32,5
Salesforce Student Chapter,5,2,0,3,0,0,0,1,0,4,0,0,0,4,0,6,0,0,0,0,2,0,3,0,0,0,0,0,2,0,32,5
SAP User's Group,5,2,0,3,0,0,0,1,0,4,0,0,0,4,0,6,0,0,0,0,2,0,3,0,0,0,0,0,2,0,32,5
Scarcity Project,5,2,0,3,0,0,0,1,0,4,0,0,0,4,0,6,0,0,0,0,2,0,3,0,0,0,0,0,2,0,32,5
Scientific Computing Club ,5,2,0,3,0,0,0,1,0,4,0,0,0,4,0,6,0,0,0,0,2,0,3,0,0,0,0,0,2,0,32,5
Seirruf at UTD,5,2,0,3,0,0,0,1,0,4,0,0,0,4,0,6,0,0,0,0,2,0,3,0,0,0,0,0,2,0,32,5
Service-dog In Training,5,2,0,3,0,0,0,1,0,4,0,0,0,4,0,6,0,0,0,0,2,0,3,0,0,0,0,0,2,0,32,5
"Sigma Lambda Alpha Sorority, Inc.",5,2,0,3,0,0,0,1,0,4,0,0,0,4,0,6,0,0,0,0,2,0,3,0,0,0,0,0,2,0,32,5
Sigma Lambda Gamma,5,2,0,3,0,0,0,1,0,4,0,0,0,4,0,6,0,0,0,0,2,0,3,0,0,0,0,0,2,0,32,5
Sigma Tau Delta Alpha Psi Nu,5,2,0,3,0,0,0,1,0,4,0,0,0,4,0,6,0,0,0,0,2,0,3,0,0,0,0,0,2,0,32,5
Sikh Students Association,5,2,0,3,0,0,0,1,0,4,0,0,0,4,0,6,0,0,0,0,2,0,3,0,0,0,0,0,2,0,32,5
Skate Club,5,2,0,3,0,0,0,1,0,4,0,0,0,4,0,6,0,0,0,0,2,0,3,0,0,0,0,0,2,0,32,5
Small Business Owners Association,5,2,0,3,0,0,0,1,0,4,0,0,0,4,0,6,0,0,0,0,2,0,3,0,0,0,0,0,2,0,32,5
Society for Chronic Pain,5,2,0,3,0,0,0,1,0,4,0,0,0,4,0,6,0,0,0,0,2,0,3,0,0,0,0,0,2,0,32,5
Society for Human Resource Management UTD,5,2,0,3,0,0,0,1,0,4,0,0,0,4,0,6,0,0,0,0,2,0,3,0,0,0,0,0,2,0,32,5
Society for Industrial and Applied Mathematics (SIAM),5,2,0,3,0,0,0,1,0,4,0,0,0,4,0,6,0,0,0,0,2,0,3,0,0,0,0,0,2,0,32,5
Society for the Advancment of Chicanos/Hispanics and Native Americans in Science,5,2,0,3,0,0,0,1,0,4,0,0,0,4,0,6,0,0,0,0,2,0,3,0,0,0,0,0,2,0,32,5
Society of Asian Scientists and Engineers UT Dallas Chapter,5,2,0,3,0,0,0,1,0,4,0,0,0,4,0,6,0,0,0,0,2,0,3,0,0,0,0,0,2,0,32,5
Society of Hispanic Professional Engineers,5,2,0,3,0,0,0,1,0,4,0,0,0,4,0,6,0,0,0,0,2,0,3,0,0,0,0,0,2,0,32,5
Society of Hispanics Professional Engineering,5,2,0,3,0,0,0,1,0,4,0,0,0,4,0,6,0,0,0,0,2,0,3,0,0,0,0,0,2,0,32,5
Society of Physics Students at UTD,5,2,0,3,0,0,0,1,0,4,0,0,0,4,0,6,0,0,0,0,2,0,3,0,0,0,0,0,2,0,32,5
Society of Sustainable Business,5,2,0,3,0,0,0,1,0,4,0,0,0,4,0,6,0,0,0,0,2,0,3,0,0,0,0,0,2,0,32,5
Society of Women Engineers,5,2,0,3,0,0,0,1,0,4,0,0,0,4,0,6,0,0,0,0,2,0,3,0,0,0,0,0,2,0,32,5
Sociology Club at UT Dallas,5,2,0,3,0,0,0,1,0,4,0,0,0,4,0,6,0,0,0,0,2,0,3,0,0,0,0,0,2,0,32,5
Sommiloni of Bengali Students,5,2,0,3,0,0,0,1,0,4,0,0,0,4,0,6,0,0,0,0,2,0,3,0,0,0,0,0,2,0,32,5
South Asian American Voter Empowerment,5,2,0,3,0,0,0,1,0,4,0,0,0,4,0,6,0,0,0,0,2,0,3,0,0,0,0,0,2,0,32,5
South Asian Community Health (SACH),5,2,0,3,0,0,0,1,0,4,0,0,0,4,0,6,0,0,0,0,2,0,3,0,0,0,0,0,2,0,32,5
South Asian Medical Society (SAMS),5,2,0,3,0,0,0,1,0,4,0,0,0,4,0,6,0,0,0,0,2,0,3,0,0,0,0,0,2,0,32,5
South Asian Student Association,5,2,0,3,0,0,0,1,0,4,0,0,0,4,0,6,0,0,0,0,2,0,3,0,0,0,0,0,2,0,32,5
Splatoon at UTD,5,2,0,3,0,0,0,1,0,4,0,0,0,4,0,6,0,0,0,0,2,0,3,0,0,0,0,0,2,0,32,5
Sri Lankan Student Association,5,2,0,3,0,0,0,1,0,4,0,0,0,4,0,6,0,0,0,0,2,0,3,0,0,0,0,0,2,0,32,5
Stitch to Enrich,5,2,0,3,0,0,0,1,0,4,0,0,0,4,0,6,0,0,0,0,2,0,3,0,0,0,0,0,2,0,32,5
Stop Pretending You Can't Dance,5,2,0,3,0,0,0,1,0,4,0,0,0,4,0,6,0,0,0,0,2,0,3,0,0,0,0,0,2,0,32,5
Strings Attached,5,2,0,3,0,0,0,1,0,4,0,0,0,4,0,6,0,0,0,0,2,0,3,0,0,0,0,0,2,0,32,5
Student Chess Society,5,2,0,3,0,0,0,1,0,4,0,0,0,4,0,6,0,0,0,0,2,0,3,0,0,0,0,0,2,0,32,5
Student Game Developer Association ,5,2,0,3,0,0,0,1,0,4,0,0,0,4,0,6,0,0,0,0,2,0,3,0,0,0,0,0,2,0,32,5
Student Government,5,2,0,3,0,0,0,1,0,4,0,0,0,4,0,6,0,0,0,0,2,0,3,0,0,0,0,0,2,0,32,5
Student Leadership Programs,5,2,0,3,0,0,0,1,0,4,0,0,0,4,0,6,0,0,0,0,2,0,3,0,0,0,0,0,2,0,32,5
Student Organization Center,5,2,0,3,0,0,0,1,0,4,0,0,0,4,0,6,0,0,0,0,2,0,3,0,0,0,0,0,2,0,32,5
Student Tutors Reviving Identity through Volunteerism and Education,5,2,0,3,0,0,0,1,0,4,0,0,0,4,0,6,0,0,0,0,2,0,3,0,0,0,0,0,2,0,32,5
Student Tutors Reviving Identity through Volunteerism and Education,5,2,0,3,0,0,0,1,0,4,0,0,0,4,0,6,0,0,0,0,2,0,3,0,0,0,0,0,2,0,32,5
Students for Justice in Palestine,5,2,0,3,0,0,0,1,0,4,0,0,0,4,0,6,0,0,0,0,2,0,3,0,0,0,0,0,2,0,32,5
Students for Middle Eastern Education and Relief,5,2,0,3,0,0,0,1,0,4,0,0,0,4,0,6,0,0,0,0,2,0,3,0,0,0,0,0,2,0,32,5
Students for Neurodiversity Aligned Practices ,5,2,0,3,0,0,0,1,0,4,0,0,0,4,0,6,0,0,0,0,2,0,3,0,0,0,0,0,2,0,32,5
Students of East Africa ,5,2,0,3,0,0,0,1,0,4,0,0,0,4,0,6,0,0,0,0,2,0,3,0,0,0,0,0,2,0,32,5
Taiwanese Student Association,5,2,0,3,0,0,0,1,0,4,0,0,0,4,0,6,0,0,0,0,2,0,3,0,0,0,0,0,2,0,32,5
Taking Real Understanding To Heart Bible club,5,2,0,3,0,0,0,1,0,4,0,0,0,4,0,6,0,0,0,0,2,0,3,0,0,0,0,0,2,0,32,5
Talk 2 The Hand,5,2,0,3,0,0,0,1,0,4,0,0,0,4,0,6,0,0,0,0,2,0,3,0,0,0,0,0,2,0,32,5
TaRaas UTD,5,2,0,3,0,0,0,1,0,4,0,0,0,4,0,6,0,0,0,0,2,0,3,0,0,0,0,0,2,0,32,5
Tau Beta Pi,5,2,0,3,0,0,0,1,0,4,0,0,0,4,0,6,0,0,0,0,2,0,3,0,0,0,0,0,2,0,32,5
Tau Sigma National Honor Society,5,2,0,3,0,0,0,1,0,4,0,0,0,4,0,6,0,0,0,0,2,0,3,0,0,0,0,0,2,0,32,5
TEDxUTD,5,2,0,3,0,0,0,1,0,4,0,0,0,4,0,6,0,0,0,0,2,0,3,0,0,0,0,0,2,0,32,5
Teen Learning Wizards,5,2,0,3,0,0,0,1,0,4,0,0,0,4,0,6,0,0,0,0,2,0,3,0,0,0,0,0,2,0,32,5
Telugu Students Federation,5,2,0,3,0,0,0,1,0,4,0,0,0,4,0,6,0,0,0,0,2,0,3,0,0,0,0,0,2,0,32,5
Texas Chi Chapter of Sigma Alpha Epsilon,5,2,0,3,0,0,0,1,0,4,0,0,0,4,0,6,0,0,0,0,2,0,3,0,0,0,0,0,2,0,32,5
Texas Rising UTD,5,2,0,3,0,0,0,1,0,4,0,0,0,4,0,6,0,0,0,0,2,0,3,0,0,0,0,0,2,0,32,5
The Accounting Club (TAC),5,2,0,3,0,0,0,1,0,4,0,0,0,4,0,6,0,0,0,0,2,0,3,0,0,0,0,0,2,0,32,5
The American Institute of Aeronautics and Astronautics at UT Dallas,5,2,0,3,0,0,0,1,0,4,0,0,0,4,0,6,0,0,0,0,2,0,3,0,0,0,0,0,2,0,32,5
The American Red Cross Club at the University of Texas at Dallas,5,2,0,3,0,0,0,1,0,4,0,0,0,4,0,6,0,0,0,0,2,0,3,0,0,0,0,0,2,0,32,5
The American Society of Mechanical Engineers at UTD,5,2,0,3,0,0,0,1,0,4,0,0,0,4,0,6,0,0,0,0,2,0,3,0,0,0,0,0,2,0,32,5
The Animation Guild at UT Dallas,5,2,0,3,0,0,0,1,0,4,0,0,0,4,0,6,0,0,0,0,2,0,3,0,0,0,0,0,2,0,32,5
The Association of Women in Psychology,5,2,0,3,0,0,0,1,0,4,0,0,0,4,0,6,0,0,0,0,2,0,3,0,0,0,0,0,2,0,32,5
The Biotech Club,5,2,0,3,0,0,0,1,0,4,0,0,0,4,0,6,0,0,0,0,2,0,3,0,0,0,0,0,2,0,32,5
The Comet Symphonique at UT Dallas,5,2,0,3,0,0,0,1,0,4,0,0,0,4,0,6,0,0,0,0,2,0,3,0,0,0,0,0,2,0,32,5
The Community Health Advocate,5,2,0,3,0,0,0,1,0,4,0,0,0,4,0,6,0,0,0,0,2,0,3,0,0,0,0,0,2,0,32,5
The Community Health Advocate,5,2,0,3,0,0,0,1,0,4,0,0,0,4,0,6,0,0,0,0,2,0,3,0,0,0,0,0,2,0,32,5
The Cyber Defense and Response Unit,5,2,0,3,0,0,0,1,0,4,0,0,0,4,0,6,0,0,0,0,2,0,3,0,0,0,0,0,2,0,32,5
The Dialogue Society,5,2,0,3,0,0,0,1,0,4,0,0,0,4,0,6,0,0,0,0,2,0,3,0,0,0,0,0,2,0,32,5
The Drawing Sessions,5,2,0,3,0,0,0,1,0,4,0,0,0,4,0,6,0,0,0,0,2,0,3,0,0,0,0,0,2,0,32,5
The Fashion Club at the University of Texas at Dallas,5,2,0,3,0,0,0,1,0,4,0,0,0,4,0,6,0,0,0,0,2,0,3,0,0,0,0,0,2,0,32,5
The Historical Swordfighting Guild of UT Dallas,5,2,0,3,0,0,0,1,0,4,0,0,0,4,0,6,0,0,0,0,2,0,3,0,0,0,0,0,2,0,32,5
The Ismaili Muslim Students Association at UT Dallas,5,2,0,3,0,0,0,1,0,4,0,0,0,4,0,6,0,0,0,0,2,0,3,0,0,0,0,0,2,0,32,5
The John Marshal Pre-Law Society,5,2,0,3,0,0,0,1,0,4,0,0,0,4,0,6,0,0,0,0,2,0,3,0,0,0,0,0,2,0,32,5
The Lavender Club,5,2,0,3,0,0,0,1,0,4,0,0,0,4,0,6,0,0,0,0,2,0,3,0,0,0,0,0,2,0,32,5
The Mercury,5,2,0,3,0,0,0,1,0,4,0,0,0,4,0,6,0,0,0,0,2,0,3,0,0,0,0,0,2,0,32,5
The National Society of Leadership and Success (NSLS),5,2,0,3,0,0,0,1,0,4,0,0,0,4,0,6,0,0,0,0,2,0,3,0,0,0,0,0,2,0,32,5
The North Fellowship,5,2,0,3,0,0,0,1,0,4,0,0,0,4,0,6,0,0,0,0,2,0,3,0,0,0,0,0,2,0,32,5
The Product Base,5,2,0,3,0,0,0,1,0,4,0,0,0,4,0,6,0,0,0,0,2,0,3,0,0,0,0,0,2,0,32,5
The Product League,5,2,0,3,0,0,0,1,0,4,0,0,0,4,0,6,0,0,0,0,2,0,3,0,0,0,0,0,2,0,32,5
The Quality Assurance Organization,5,2,0,3,0,0,0,1,0,4,0,0,0,4,0,6,0,0,0,0,2,0,3,0,0,0,0,0,2,0,32,5
The Real Estate Club at UTD,5,2,0,3,0,0,0,1,0,4,0,0,0,4,0,6,0,0,0,0,2,0,3,0,0,0,0,0,2,0,32,5
The Riichi Mahjong Club,5,2,0,3,0,0,0,1,0,4,0,0,0,4,0,6,0,0,0,0,2,0,3,0,0,0,0,0,2,0,32,5
The SpongeBob Club at the University of Texas at Dallas,5,2,0,3,0,0,0,1,0,4,0,0,0,4,0,6,0,0,0,0,2,0,3,0,0,0,0,0,2,0,32,5
The Taekwondo Club at The University of Texas at Dallas,5,2,0,3,0,0,0,1,0,4,0,0,0,4,0,6,0,0,0,0,2,0,3,0,0,0,0,0,2,0,32,5
The Tatreez Circle,5,2,0,3,0,0,0,1,0,4,0,0,0,4,0,6,0,0,0,0,2,0,3,0,0,0,0,0,2,0,32,5
The Texas Humanitarian Initiative,5,2,0,3,0,0,0,1,0,4,0,0,0,4,0,6,0,0,0,0,2,0,3,0,0,0,0,0,2,0,32,5
The University of Texas at Dallas Undergraduate Law Review,5,2,0,3,0,0,0,1,0,4,0,0,0,4,0,6,0,0,0,0,2,0,3,0,0,0,0,0,2,0,32,5
The UTD Pre-Physician Assistant Society,5,2,0,3,0,0,0,1,0,4,0,0,0,4,0,6,0,0,0,0,2,0,3,0,0,0,0,0,2,0,32,5
Theta Tau (Alpha) UTD Fraternity,5,2,0,3,0,0,0,1,0,4,0,0,0,4,0,6,0,0,0,0,2,0,3,0,0,0,0,0,2,0,32,5
Thirst Project,5,2,0,3,0,0,0,1,0,4,0,0,0,4,0,6,0,0,0,0,2,0,3,0,0,0,0,0,2,0,32,5
True Crime Association,5,2,0,3,0,0,0,1,0,4,0,0,0,4,0,6,0,0,0,0,2,0,3,0,0,0,0,0,2,0,32,5
TTRPG Club (Tabletop RPG),5,2,0,3,0,0,0,1,0,4,0,0,0,4,0,6,0,0,0,0,2,0,3,0,0,0,0,0,2,0,32,5
Turkish Student Association ,5,2,0,3,0,0,0,1,0,4,0,0,0,4,0,6,0,0,0,0,2,0,3,0,0,0,0,0,2,0,32,5
Turning Point USA at UTD,5,2,0,3,0,0,0,1,0,4,0,0,0,4,0,6,0,0,0,0,2,0,3,0,0,0,0,0,2,0,32,5
Undergraduate Accounting Club,5,2,0,3,0,0,0,1,0,4,0,0,0,4,0,6,0,0,0,0,2,0,3,0,0,0,0,0,2,0,32,5
UNICEF at UT Dallas,5,2,0,3,0,0,0,1,0,4,0,0,0,4,0,6,0,0,0,0,2,0,3,0,0,0,0,0,2,0,32,5
Unicycle Club,5,2,0,3,0,0,0,1,0,4,0,0,0,4,0,6,0,0,0,0,2,0,3,0,0,0,0,0,2,0,32,5
United Mission for Relief and Development,5,2,0,3,0,0,0,1,0,4,0,0,0,4,0,6,0,0,0,0,2,0,3,0,0,0,0,0,2,0,32,5
University Blood Initiative,5,2,0,3,0,0,0,1,0,4,0,0,0,4,0,6,0,0,0,0,2,0,3,0,0,0,0,0,2,0,32,5
User Experience (UX) Club,5,2,0,3,0,0,0,1,0,4,0,0,0,4,0,6,0,0,0,0,2,0,3,0,0,0,0,0,2,0,32,5
UTD Service Dogs in Training (SIT) FKA Collegiate Canine Companions for Independence,5,2,0,3,0,0,0,1,0,4,0,0,0,4,0,6,0,0,0,0,2,0,3,0,0,0,0,0,2,0,32,5
UTD Students Demand Action,5,2,0,3,0,0,0,1,0,4,0,0,0,4,0,6,0,0,0,0,2,0,3,0,0,0,0,0,2,0,32,5
UTDesign Makerspace,5,2,0,3,0,0,0,1,0,4,0,0,0,4,0,6,0,0,0,0,2,0,3,0,0,0,0,0,2,0,32,5
UTDuelists,5,2,0,3,0,0,0,1,0,4,0,0,0,4,0,6,0,0,0,0,2,0,3,0,0,0,0,0,2,0,32,5
UTeaD Tea and Coffee Club,5,2,0,3,0,0,0,1,0,4,0,0,0,4,0,6,0,0,0,0,2,0,3,0,0,0,0,0,2,0,32,5
Vaalmeengal Tamil Sangam,5,2,0,3,0,0,0,1,0,4,0,0,0,4,0,6,0,0,0,0,2,0,3,0,0,0,0,0,2,0,32,5
Valorant Club UTD,5,2,0,3,0,0,0,1,0,4,0,0,0,4,0,6,0,0,0,0,2,0,3,0,0,0,0,0,2,0,32,5
Vibha UTD,5,2,0,3,0,0,0,1,0,4,0,0,0,4,0,6,0,0,0,0,2,0,3,0,0,0,0,0,2,0,32,5
Vida Volunteer,5,2,0,3,0,0,0,1,0,4,0,0,0,4,0,6,0,0,0,0,2,0,3,0,0,0,0,0,2,0,32,5
"Vietnamese International Network of Culture, Education and Friendship",5,2,0,3,0,0,0,1,0,4,0,0,0,4,0,6,0,0,0,0,2,0,3,0,0,0,0,0,2,0,32,5
Vietnamese Language Association,5,2,0,3,0,0,0,1,0,4,0,0,0,4,0,6,0,0,0,0,2,0,3,0,0,0,0,0,2,0,32,5
Vietnamese Student Association,5,2,0,3,0,0,0,1,0,4,0,0,0,4,0,6,0,0,0,0,2,0,3,0,0,0,0,0,2,0,32,5
Volunteer Proofreaders for Project Gutenberg,5,2,0,3,0,0,0,1,0,4,0,0,0,4,0,6,0,0,0,0,2,0,3,0,0,0,0,0,2,0,32,5
Water Polo at UTD,5,2,0,3,0,0,0,1,0,4,0,0,0,4,0,6,0,0,0,0,2,0,3,0,0,0,0,0,2,0,32,5
Wesley at UT Dallas,5,2,0,3,0,0,0,1,0,4,0,0,0,4,0,6,0,0,0,0,2,0,3,0,0,0,0,0,2,0,32,5
WeTeach,5,2,0,3,0,0,0,1,0,4,0,0,0,4,0,6,0,0,0,0,2,0,3,0,0,0,0,0,2,0,32,5
Wind Energy Club,5,2,0,3,0,0,0,1,0,4,0,0,0,4,0,6,0,0,0,0,2,0,3,0,0,0,0,0,2,0,32,5
WinSTEM,5,2,0,3,0,0,0,1,0,4,0,0,0,4,0,6,0,0,0,0,2,0,3,0,0,0,0,0,2,0,32,5
Wishmakers,5,2,0,3,0,0,0,1,0,4,0,0,0,4,0,6,0,0,0,0,2,0,3,0,0,0,0,0,2,0,32,5
Women and Children Outreach Program,5,2,0,3,0,0,0,1,0,4,0,0,0,4,0,6,0,0,0,0,2,0,3,0,0,0,0,0,2,0,32,5
Women Engineers Hack,5,2,0,3,0,0,0,1,0,4,0,0,0,4,0,6,0,0,0,0,2,0,3,0,0,0,0,0,2,0,32,5
Women For Welfare,5,2,0,3,0,0,0,1,0,4,0,0,0,4,0,6,0,0,0,0,2,0,3,0,0,0,0,0,2,0,32,5
Women For Welfare,5,2,0,3,0,0,0,1,0,4,0,0,0,4,0,6,0,0,0,0,2,0,3,0,0,0,0,0,2,0,32,5
Women in Animation at UT Dallas,5,2,0,3,0,0,0,1,0,4,0,0,0,4,0,6,0,0,0,0,2,0,3,0,0,0,0,0,2,0,32,5
Women in Animation at UTD,5,2,0,3,0,0,0,1,0,4,0,0,0,4,0,6,0,0,0,0,2,0,3,0,0,0,0,0,2,0,32,5
Women in Cybersecurity at UTD,5,2,0,3,0,0,0,1,0,4,0,0,0,4,0,6,0,0,0,0,2,0,3,0,0,0,0,0,2,0,32,5
Women in Neuroscience,5,2,0,3,0,0,0,1,0,4,0,0,0,4,0,6,0,0,0,0,2,0,3,0,0,0,0,0,2,0,32,5
Women in Research Association,5,2,0,3,0,0,0,1,0,4,0,0,0,4,0,6,0,0,0,0,2,0,3,0,0,0,0,0,2,0,32,5
Women in Technology & Business,5,2,0,3,0,0,0,1,0,4,0,0,0,4,0,6,0,0,0,0,2,0,3,0,0,0,0,0,2,0,32,5
Women Mentoring Women In Engineering,5,2,0,3,0,0,0,1,0,4,0,0,0,4,0,6,0,0,0,0,2,0,3,0,0,0,0,0,2,0,32,5
Women Pursuing Law,5,2,0,3,0,0,0,1,0,4,0,0,0,4,0,6,0,0,0,0,2,0,3,0,0,0,0,0,2,0,32,5
Women Who Compute,5,2,0,3,0,0,0,1,0,4,0,0,0,4,0,6,0,0,0,0,2,0,3,0,0,0,0,0,2,0,32,5
Women's Dental Society,5,2,0,3,0,0,0,1,0,4,0,0,0,4,0,6,0,0,0,0,2,0,3,0,0,0,0,0,2,0,32,5
Womens Lacrosse at UTD,5,2,0,3,0,0,0,1,0,4,0,0,0,4,0,6,0,0,0,0,2,0,3,0,0,0,0,0,2,0,32,5
Women's Pickleball Club,5,2,0,3,0,0,0,1,0,4,0,0,0,4,0,6,0,0,0,0,2,0,3,0,0,0,0,0,2,0,32,5
Writing Without Purpose,5,2,0,3,0,0,0,1,0,4,0,0,0,4,0,6,0,0,0,0,2,0,3,0,0,0,0,0,2,0,32,5
Wushu Club at the University of Texas at Dallas,5,2,0,3,0,0,0,1,0,4,0,0,0,4,0,6,0,0,0,0,2,0,3,0,0,0,0,0,2,0,32,5
XR UTD,5,2,0,3,0,0,0,1,0,4,0,0,0,4,0,6,0,0,0,0,2,0,3,0,0,0,0,0,2,0,32,5
Young Democratic Socialists of America,5,2,0,3,0,0,0,1,0,4,0,0,0,4,0,6,0,0,0,0,2,0,3,0,0,0,0,0,2,0,32,5
Young Life,5,2,0,3,0,0,0,1,0,4,0,0,0,4,0,6,0,0,0,0,2,0,3,0,0,0,0,0,2,0,32,5
